train_loss,epoch,step
0.054426539689302444,0,49
0.05562383681535721,0,99
0.049550194293260574,0,149
0.040306057780981064,0,199
